{
	"reco": {
		"relationships": [{
				"processingLayerId": 1,
				"credentials": {
					"accpacCode": "36101106",
					"erpFileName": "ERP_AXIS18294"
				}
			},
			{
				"processingLayerId": 2,
				"credentials": {
					"accpacCode": "36101150",
					"erpFileName": "ERP_AXIS35274"
				}
			},
			{
				"processingLayerId": 3,
				"credentials": {
					"accpacCode": "36101107",
					"erpFileName": "ERP_CITI3001"
				}
			},
			{
				"processingLayerId": 4,
				"credentials": {
					"accpacCode": "36101112",
					"erpFileName": "ERP_FEDERAL6006"
				}
			},
			{
				"processingLayerId": 5,
				"credentials": {
					"accpacCode": "36101122",
					"erpFileName": "ERP_FEDERAL6006"
				}
			},
			{
				"processingLayerId": 6,
				"credentials": {
					"accpacCode": "36101101",
					"erpFileName": "ERP_HDFC062"
				}
			},
			{
				"processingLayerId": 7,
				"credentials": {
					"accpacCode": "36101102",
					"erpFileName": "ERP_HDFC828"
				}
			},
			{
				"processingLayerId": 8,
				"credentials": {
					"accpacCode": "36101103",
					"erpFileName": "ERP_HDFC158"
				}
			},
			{
				"processingLayerId": 9,
				"credentials": {
					"accpacCode": "36101104",
					"erpFileName": "ERP_HDFC295"
				}
			},
			{
				"processingLayerId": 10,
				"credentials": {
					"accpacCode": "36101114",
					"erpFileName": "ERP_HDFC127"
				}
			},
			{
				"processingLayerId": 11,
				"credentials": {
					"accpacCode": "36101115",
					"erpFileName": "ERP_HDFC089"
				}
			},
			{
				"processingLayerId": 12,
				"credentials": {
					"accpacCode": "36101116",
					"erpFileName": "ERP_HDFC040"
				}
			},
			{
				"processingLayerId": 13,
				"credentials": {
					"accpacCode": "36101117",
					"erpFileName": "ERP_HDFC013"
				}
			},
			{
				"processingLayerId": 14,
				"credentials": {
					"accpacCode": "36101118",
					"erpFileName": "ERP_HDFC107"
				}
			},
			{
				"processingLayerId": 15,
				"credentials": {
					"accpacCode": "36101120",
					"erpFileName": "ERP_HDFC049"
				}
			},
			{
				"processingLayerId": 16,
				"credentials": {
					"accpacCode": "36101126",
					"erpFileName": "ERP_HDFC5685"
				}
			},
			{
				"processingLayerId": 17,
				"credentials": {
					"accpacCode": "36101127",
					"erpFileName": "Bank_HDFC7765"
				}
			},
			{
				"processingLayerId": 18,
				"credentials": {
					"accpacCode": "36101128",
					"erpFileName": "ERP_HDFC9757"
				}
			},
			{
				"processingLayerId": 19,
				"credentials": {
					"accpacCode": "36101129",
					"erpFileName": "ERP_HDFC7254"
				}
			},
			{
				"processingLayerId": 20,
				"credentials": {
					"accpacCode": "36101130",
					"erpFileName": "ERP_HDFC6933"
				}
			},
			{
				"processingLayerId": 21,
				"credentials": {
					"accpacCode": "36101137",
					"erpFileName": "ERP_HDFC3237"
				}
			},
			{
				"processingLayerId": 22,
				"credentials": {
					"accpacCode": "36101152",
					"erpFileName": "ERP_HDFC4352"
				}
			},
			{
				"processingLayerId": 23,
				"credentials": {
					"accpacCode": "36101111",
					"erpFileName": "ERP_ICICI2605"
				}
			},
			{
				"processingLayerId": 24,
				"credentials": {
					"accpacCode": "36101121",
					"erpFileName": "ERP_ICICI3213"
				}
			},
			{
				"processingLayerId": 25,
				"credentials": {
					"accpacCode": "36101151",
					"erpFileName": "ERP_ICICI240"
				}
			},
			{
				"processingLayerId": 26,
				"credentials": {
					"accpacCode": "36101109",
					"erpFileName": "ERP_IDBI1946"
				}
			},
			{
				"processingLayerId": 27,
				"credentials": {
					"accpacCode": "36101124",
					"erpFileName": "ERP_INDUSIND3974"
				}
			},
			{
				"processingLayerId": 28,
				"credentials": {
					"accpacCode": "36101125",
					"erpFileName": "ERP_INDUSIND7783"
				}
			},
			{
				"processingLayerId": 29,
				"credentials": {
					"accpacCode": "36101119",
					"erpFileName": "ERP_FEDERAL7558"
				}
			},
			{
				"processingLayerId": 30,
				"credentials": {
					"accpacCode": "36101108",
					"erpFileName": "ERP_KMB9195"
				}
			},
			{
				"processingLayerId": 31,
				"credentials": {
					"accpacCode": "36101113",
					"erpFileName": "ERP_KMB12521"
				}
			},
			{
				"processingLayerId": 32,
				"credentials": {
					"accpacCode": "36101131",
					"erpFileName": "ERP_KMB8019"
				}
			},
			{
				"processingLayerId": 33,
				"credentials": {
					"accpacCode": "36101153",
					"erpFileName": "ERP_RBL0110"
				}
			},
			{
				"processingLayerId": 34,
				"credentials": {
					"accpacCode": "36101105",
					"erpFileName": "ERP_SBI642"
				}
			},
			{
				"processingLayerId": 35,
				"credentials": {
					"accpacCode": "36101123",
					"erpFileName": "ERP_SBI8989"
				}
			},
			{
				"processingLayerId": 36,
				"credentials": {
					"accpacCode": "36101132",
					"erpFileName": "ERP_YES3643"
				}
			},
			{
				"processingLayerId": 37,
				"credentials": {
					"accpacCode": "36101133",
					"erpFileName": "ERP_YES3655"
				}
			},
			{
				"processingLayerId": 38,
				"credentials": {
					"accpacCode": "36101134",
					"erpFileName": "ERP_YES3596"
				}
			},
			{
				"processingLayerId": 39,
				"credentials": {
					"accpacCode": "36101135",
					"erpFileName": "ERP_YES3560"
				}
			},
			{
				"processingLayerId": 40,
				"credentials": {
					"accpacCode": "36101136",
					"erpFileName": "ERP_YES4551"
				}
			},
			{
				"processingLayerId": 41,
				"credentials": {
					"accpacCode": "36101138",
					"erpFileName": "ERP_YES5300"
				}
			},
			{
				"processingLayerId": 42,
				"credentials": {
					"accpacCode": "36101139",
					"erpFileName": "ERP_YES5523"
				}
			},
			{
				"processingLayerId": 43,
				"credentials": {
					"accpacCode": "36101140",
					"erpFileName": "ERP_YES4762"
				}
			},
			{
				"processingLayerId": 44,
				"credentials": {
					"accpacCode": "36101141",
					"erpFileName": "ERP_YES4063"
				}
			},
			{
				"processingLayerId": 45,
				"credentials": {
					"accpacCode": "36101142",
					"erpFileName": "ERP_YES4165"
				}
			},
			{
				"processingLayerId": 46,
				"credentials": {
					"accpacCode": "36101143",
					"erpFileName": "ERP_YES4189"
				}
			},
			{
				"processingLayerId": 47,
				"credentials": {
					"accpacCode": "36101144",
					"erpFileName": "ERP_YES4177"
				}
			},
			{
				"processingLayerId": 48,
				"credentials": {
					"accpacCode": "36101145",
					"erpFileName": "ERP_YES4520"
				}
			},
			{
				"processingLayerId": 49,
				"credentials": {
					"accpacCode": "36101146",
					"erpFileName": "ERP_YES4480"
				}
			},
			{
				"processingLayerId": 50,
				"credentials": {
					"accpacCode": "36101147",
					"erpFileName": "ERP_YES4599"
				}
			},
			{
				"processingLayerId": 51,
				"credentials": {
					"accpacCode": "36101148",
					"erpFileName": "ERP_YES4890"
				}
			},
			{
				"processingLayerId": 52,
				"credentials": {
					"accpacCode": "36101149",
					"erpFileName": "ERP_YES5030"
				}
			},
			{
				"processingLayerId": 53,
				"credentials": {
					"accpacCode": "36101110",
					"erpFileName": "ERP_IDBI0392"
				}
			},
			{
				"processingLayerId": 54,
				"credentials": {
					"accpacCode": "36201102",
					"erpFileName": "ERP_HDFC828CMS"
				}
			},
			{
				"processingLayerId": 55,
				"credentials": {
					"accpacCode": "36101-156",
					"erpFileName": "ERP_AXIS1710"
				}
			},
			{
				"processingLayerId": 56,
				"credentials": {
					"accpacCode": "36101-155",
					"erpFileName": "ERP_FEDERAL5979"
				}
			}
		]
	},
	"alcs": {
		"relationships": [{
				"bankName": "AXIS 18294",
				"credentials": {
					"alcsBankName": "AXIS",
					"alcsFileName": "AXIS18294_ALCS",
					"alcsPath": "C:/MyWork/Advent/ETL/data/TML/TML-COR/TML-COR-BEN/TML-COR-BEN-0001/ERP/AXIS18294_ALCS/input/"
				}
			},
			{
				"bankName": "HDFC 062",
				"credentials": {
					"alcsBankName": "HDFC",
					"alcsFileName": "HDFC062_ALCS",
					"alcsPath": "C:/MyWork/Advent/ETL/data/TML/TML-COR/TML-COR-BEN/TML-COR-BEN-0006/ERP/HDFC062_ALCS/input/"
				}
			},
			{
				"bankName": "HDFC 062 NEFT",
				"credentials": {
					"alcsBankName": "HDFC-NEFT",
					"alcsFileName": "HDFC062_ALCS",
					"alcsPath": "C:/MyWork/Advent/ETL/data/TML/TML-COR/TML-COR-BEN/TML-COR-BEN-0006/ERP/HDFC062_ALCS/input/"
				}
			},
			{
				"bankName": "ICICI 240",
				"credentials": {
					"alcsBankName": "ICICI",
					"alcsFileName": "ICICI240_ALCS",
					"alcsPath": "C:/MyWork/Advent/ETL/data/TML/TML-COR/TML-COR-BEN/TML-COR-BEN-0025/ERP/ICICI0240_ALCS/input/"
				}
			},
			{
				"bankName": "SBI 642",
				"credentials": {
					"alcsBankName": "SBI",
					"alcsFileName": "SBI642_ALCS",
					"alcsPath": "C:/MyWork/Advent/ETL/data/TML/TML-COR/TML-COR-BEN/TML-COR-BEN-0034/ERP/SBI90642_ALCS/input/"
				}
			}
		]
	},
	"reversal": {
		"relationships": [{
				"bankName": "HDFC 062",
				"reversalType": "TL062-1",
				"credentials": {
					"reversalFileName": "HDFC062_Reversal",
					"reversalPath": "C:/MyWork/Advent/ETL/data/TML/TML-COR/TML-COR-BEN/TML-COR-BEN-0006/HDFC062/HDFC062_REVERSAL/input/",
					"reversalTypes": []
				}
			},
			{
				"bankName": "HDFC 062",
				"reversalType": "TL062-2",
				"credentials": {
					"reversalFileName": "HDFC062_TL_Reversal",
					"reversalPath": "C:/MyWork/Advent/ETL/Data/TML/TML-COR/TML-COR-BEN/TML-COR-BEN-0406/HDFC062/HDFC062_REVERSAL/input/",
					"reversalTypes": []
				}
			},
			{
				"bankName": "HDFC 062",
				"reversalType": "COMMON",
				"credentials": {
					"reversalFileName": "HDFC062_Reversal",
					"reversalPath": "C:/MyWork/Advent/ETL/data/TML/TML-COR/TML-COR-BEN/TML-COR-BEN-0006/HDFC062/HDFC062_REVERSAL/input/",
					"reversalTypes": ["TE62", "TL62"]
				}
			}
		]
	}
}